url,title
https://www.youtube.com/watch?v=1TCuf_Qcfv8,"15"" MacBook Air M2 Review: The Obvious Thing!"
https://www.youtube.com/watch?v=OFvXuyITwBI,Apple Vision Pro Impressions!
https://www.youtube.com/watch?v=PCp1BmME6QA,How Does Sony Keep Doing This?
https://www.youtube.com/watch?v=8om1eJrO2lU,RAZR+ Impressions: Is This What You Wanted?
https://www.youtube.com/watch?v=03OZsmDV56k,iPad Killer or Clone?
https://www.youtube.com/watch?v=J1oEWiUsKgU,I Tried a Secret Google Project!
https://www.youtube.com/watch?v=tFdnCzfJPJ0,This is the Dumbest Product I've Ever Reviewed
https://www.youtube.com/watch?v=-6AEpecXg-4,Google Pixel Tablet Impressions: A New Bargain?
https://www.youtube.com/watch?v=zxDTitg2MeE,Google Pixel Fold Impressions! $1800 of Pixel?!
https://www.youtube.com/watch?v=LRJPk9BmJY4,Google Pixel 7A Review: New Price!
https://www.youtube.com/watch?v=cTxJ5oLuxkM,The Flagship vs Midrange Debate: Galaxy A54 Review!
https://www.youtube.com/watch?v=1eI8HpJtq-s,I Made My Own Sneaker! M251
https://www.youtube.com/watch?v=-BwUyTrU9fo,"I Spent $40,000 to Unbox a Sealed Original iPhone!"
https://www.youtube.com/watch?v=OkLOJapGjC4,The ROG Phone 7 Ultimate is Just Ridiculous!
https://www.youtube.com/watch?v=wR-0knMVSGw,The Rivian R1S Is... The Best SUV Ever?
https://www.youtube.com/watch?v=HKvo6acp5aI,The AI Assistant Battle! (2023)
https://www.youtube.com/watch?v=AFthdsIcOxw,This Voice is Entirely AI...
https://www.youtube.com/watch?v=17VcGk_-Ghc,The Smartphone Awards Midseason 2023!
https://www.youtube.com/watch?v=O-buiiyp_xU,Dope Tech: Better than Expected!
https://www.youtube.com/watch?v=b7zBJNmdImo,This Smartphone Hardware is Getting Crazy!
https://www.youtube.com/watch?v=A18BST27Wpw,Desk Tour & Daily Tech Update 2023!
https://www.youtube.com/watch?v=1afpDuTb-P0,What is Happening with Samsung's Camera?
https://www.youtube.com/watch?v=mv9afG2Dm9I,I Said Yes to Every Email for a Month!
https://www.youtube.com/watch?v=eUh1Cf5MjLY,Concept Phones: It's Time to Stop!
https://www.youtube.com/watch?v=7emz4zZ226E,The Biggest Problem with AI!
https://www.youtube.com/watch?v=zhoTX0RRXPQ,The Galaxy S23 Ultra is Better Than You Think!
https://www.youtube.com/watch?v=3yEP4ooj1WI,OnePlus 11 Review: They're Back?!
https://www.youtube.com/watch?v=bMLbnsKGRfo,How Apple is Taking Back the iPhone
https://www.youtube.com/watch?v=9kxTOxDGLqs,Galaxy S23 / Ultra Impressions: Cruise Control!
https://www.youtube.com/watch?v=gvqZCMGjh3s,Apple HomePod 2 Review: I'm Confused
https://www.youtube.com/watch?v=cneoANZKBGk,M2 Pro Mac Mini Review: Game Changer!
https://www.youtube.com/watch?v=tmGDx9hVWwo,M2 Max MacBook Pro Review: Back to Bumps!
https://www.youtube.com/watch?v=1xiqOg1NRPA,This Phone is $169 - What's the Catch?
https://www.youtube.com/watch?v=88kd9tVwkH8,What is Happening with iPhone Camera?
https://www.youtube.com/watch?v=5NjFuS_24v8,Smartphone Awards 2022!
https://www.youtube.com/watch?v=Q2MGqmuEdtU,The Voice Assistant Battle! (2023)
https://www.youtube.com/watch?v=LQdjmGimh04,The Best Smartphone Camera 2022!
https://www.youtube.com/watch?v=9nF0K2nJ7N8,Tesla Self Driving vs Everyday Roads!
https://www.youtube.com/watch?v=0gNauGdOkro,"The Truth About AI Getting ""Creative"""
https://www.youtube.com/watch?v=u2mUpkApObk,My Tech Hot Takes!
https://www.youtube.com/watch?v=O_WbmIIy4vk,"iPad Pro M2: What Does ""Pro"" Even Mean?"
https://www.youtube.com/watch?v=4yjRIcRc9qY,Lucid Air: How to One-up Tesla!
https://www.youtube.com/watch?v=I1qsF0WQy8c,Dear Twitter!
https://www.youtube.com/watch?v=UdgRUCVUts0,The iPhone USB-C Law: Explained!
https://www.youtube.com/watch?v=CqkhjL3WvWQ,Who Cares About the Metaverse?
https://www.youtube.com/watch?v=C6Ni9rH6VmA,The New iPad is Weird!
https://www.youtube.com/watch?v=-OpUg0GDrII,Pixel Watch Review: First Gen Fumbles!
https://www.youtube.com/watch?v=NE5H5intsck,Google Pixel 7/Pro Review: Hard Problems? Software Answers!
https://www.youtube.com/watch?v=CMtF7nxMv5A,Pixel 7/Pro and Watch Impressions!
https://www.youtube.com/watch?v=35BkHichD2M,iPhone 14 Plus & The Problem with Benchmarks!
https://www.youtube.com/watch?v=bmIVWe3Cux8,Smart Home Tech I ACTUALLY Use!
https://www.youtube.com/watch?v=bFBIrkzy_gM,Dope Tech: The Hottest Laptop Design!
https://www.youtube.com/watch?v=f3DfJxvkN-8,AirPods Pro 2 Review: 1 Underrated Thing!
https://www.youtube.com/watch?v=HjEqOWjTkHE,Apple Watch Ultra Review: Worth It Or Nah?
https://www.youtube.com/watch?v=ltD4TVN9wAY,World's First Intel ARC PC Build! (A770)
https://www.youtube.com/watch?v=v94jRN2FhGo,iPhone 14 Review: Repackaging 101!
https://www.youtube.com/watch?v=SdLShOCvVeM,iPhone 14 Pro Review: This Will Be Copied!
https://www.youtube.com/watch?v=XnxbL1-kBpU,The State of Foldables 2022: Samsung vs The World!
https://www.youtube.com/watch?v=H8PLt4lG-tY,The Ultimate Pocket Camera: Insta360 X3!
https://www.youtube.com/watch?v=N8M8OOe3SV4,Apple Watch Ultra Impressions: Polished Overkill!
https://www.youtube.com/watch?v=pTCgWVjB6UE,iPhone 14/Pro Impressions: Welcome to Dynamic Island!
https://www.youtube.com/watch?v=PEFUuP3eWCc,Google Pixel Buds Pro Review: Just Get These!
https://www.youtube.com/watch?v=d7y9z7pjCRM,The Hyundai IONIQ 5: I Get It Now!
https://www.youtube.com/watch?v=yQThMUn_UmM,Android 13 Hands-On: Top 5 Features!
https://www.youtube.com/watch?v=MEiq0oCUb_8,Dope Tech: The Most Extreme Gaming Monitor!
https://www.youtube.com/watch?v=JuWF9G6SSi0,Samsung Z Fold 4/ Flip 4 Impressions + Watch 5 Pro!
https://www.youtube.com/watch?v=ErMwWXQxHp0,Best Back to School Tech 2022!
https://www.youtube.com/watch?v=4SHlY9AoXzc,OnePlus 10T Impressions: Somebody That You Used to Know
https://www.youtube.com/watch?v=AxV0_1Y4zl0,Asus Zenfone 9: The New Compact King!
https://www.youtube.com/watch?v=DFgYGBtJLnI,The iPad's Odd New Feature
https://www.youtube.com/watch?v=UsD87v8F914,Google Pixel 6A Review: Can You Feel It?
https://www.youtube.com/watch?v=HeMIZC2rkMo,M2 MacBook Air Review: More Than a Refresh!
https://www.youtube.com/watch?v=Jb88eui8SqQ,Nothing Phone (1) Review: Seeing Through the Hype!
https://www.youtube.com/watch?v=WfVF-Ec4naQ,iOS 16 Hands-On: Top 5 New Features!
https://www.youtube.com/watch?v=lYPe4MsALk4,The World's Largest Smartphone Camera! Xiaomi 12S Ultra
https://www.youtube.com/watch?v=dKq_xfCz3Jk,ROG Phone 6 Pro Review: Daily Driver Material!
https://www.youtube.com/watch?v=cCCBDhdcSGw,Reviewing MKBHD Videos!
https://www.youtube.com/watch?v=pSdKnNj7ozk,M2 MacBook Pro: Why Does This Exist?
https://www.youtube.com/watch?v=CkoquiSnqbk,Ford F150 Lightning is the iPhone of Pickup Trucks!
https://www.youtube.com/watch?v=mrkAmmMakMg,The Nothing Phone LOOKS Different
https://www.youtube.com/watch?v=xcjZvAFBH_Y,This Was Ahead of its Time!
https://www.youtube.com/watch?v=MjGMeMrH73I,M2 MacBook Air Impressions: Midnight Madness!
https://www.youtube.com/watch?v=4U2ZxO7b8iM,WWDC 2022 Impressions: M2 Macs and iOS 16?!
https://www.youtube.com/watch?v=MUU0BjJjAvk,The Future of Smartphone Cameras? Sony Xperia 1 IV!
https://www.youtube.com/watch?v=yCBEumeXY4A,DALLE: AI Made This Thumbnail!
https://www.youtube.com/watch?v=6CsJZxfZsL0,"Sony WH-1000XM5 Review: Two Steps Forward, One Step Back!"
https://www.youtube.com/watch?v=U3DNz5asasA,"Pixel Watch, Pixel 7 and Google's Hardware Reveal 2022!"
https://www.youtube.com/watch?v=ZQ4E0JJcxz0,What Happens When the iPhone Peaks?
https://www.youtube.com/watch?v=7jaMJGtAV9M,David Blaine Teaches Me Magic!
https://www.youtube.com/watch?v=q72dA533sCg,Ford's Coolest Electric Truck is from 1978!
https://www.youtube.com/watch?v=MiTG1ride7s,I Gave the Pixel Another Chance...
https://www.youtube.com/watch?v=dQrBgda0sEY,The SteamDeck is Incomplete But Fun!
https://www.youtube.com/watch?v=1Cw-vODp-8Y,YouTube Needs to Fix This
https://www.youtube.com/watch?v=a6zvvlrd-jw,The Electric Car Pre-Order Problem
https://www.youtube.com/watch?v=UpqaQR4ikig,Does Fast Charging ACTUALLY Ruin Your Battery?
https://www.youtube.com/watch?v=yoigsHYc77s,"""The Apple Studio Display is a Bad Deal"""
https://www.youtube.com/watch?v=wvhP1al3Ur4,Mac Studio Review: Double Trouble!
https://www.youtube.com/watch?v=pwHNannxolo,iPad Air M1 Review: Don't Choose Wrong!
https://www.youtube.com/watch?v=QpbGctuHoMY,iPhone SE (2022) Review: Old Dog. New Trick.
https://www.youtube.com/watch?v=CMm7UZKtGNk,NEW Mac Studio & Apple Event Reactions!
